In1,In2,In3,Out1,Out2
1,10,100,4,4
1,10,100,4,4
1,10,100,4,4
1,10,100,4,4
1,10,100,4,4
1,10,100,4,4
1,10,100,4,4
1,10,100,4,4
1,10,100,4,4
1,10,100,4,4
1,10,100,4,4
1,10,100,4,4
1,10,100,4,4
1,10,100,4,4
1,10,100,4,4
1,10,100,4,4
1,10,100,4,4
1,10,100,4,4
1,10,100,4,4
1,10,100,4,4
1,10,100,4,4
1,10,100,4,4
1,10,100,4,4
1,10,100,4,4
1,10,100,4,4
1,10,100,4,4
1,10,100,4,4
1,10,100,4,4
1,10,100,4,4
1,10,100,4,4
1,10,100,4,4
1,10,100,4,4
1,10,100,4,4
1,10,100,4,4
1,10,100,4,4
1,10,100,4,4
1,10,100,4,4
1,10,100,4,4
1,10,100,4,4
1,10,100,4,4
1,10,100,4,4
1,10,100,4,4
1,10,100,4,4
1,10,100,4,4
1,10,100,4,4
1,10,100,4,4
1,10,100,4,4
1,10,100,4,4
1,10,100,4,4
1,10,100,4,4
1,10,100,4,4
1,10,100,4,4
1,10,100,4,4
1,10,100,4,4
1,10,100,4,4
1,10,100,4,4
1,10,100,4,4
1,10,100,4,4
1,10,100,4,4
1,10,100,4,4
1,10,100,4,4
1,10,100,4,4
1,10,100,4,4
1,10,100,4,4
1,10,100,4,4
1,10,100,4,4
1,10,100,4,4
1,10,100,4,4
1,10,100,4,4
1,10,100,4,4
1,10,100,4,4
1,10,100,4,4
1,10,100,4,4
1,10,100,4,4
1,10,100,4,4
1,10,100,4,4
1,10,100,4,4
1,10,100,4,4
1,10,100,4,4
1,10,100,4,4
1,10,100,4,4
1,10,100,4,4
1,10,100,4,4
1,10,100,4,4
1,10,100,4,4
1,10,100,4,4
1,10,100,4,4
1,10,100,4,4
1,10,100,4,4
1,10,100,4,4
1,10,100,4,4
1,10,100,4,4
1,10,100,4,4
1,10,100,4,4
1,10,100,4,4
1,10,100,4,4
1,10,100,4,4
1,10,100,4,4
1,10,100,4,4
1,10,100,4,4
