0.060923093,0.958305123,0.529644628,1.548872844,0.379315945
0.271160393,0.682499554,0.320302119,1.273962066,0.304305393
0.7427784,0.527221526,0.284453973,1.554453899,0.280997809
0.135681466,0.171964774,0.171922765,0.479569004,0.06516598
0.582943459,0.232195762,0.3108949,1.126034121,0.112213247
0.952665587,0.281281733,0.886170485,2.120117805,0.058673328
0.45335824,0.907634626,0.050691919,1.411684785,0.489014753
0.662147903,0.60426812,0.238760138,1.505176161,0.320596823
0.163088239,0.890767853,0.535764037,1.589620129,0.354539943
0.19605693,0.113231726,0.667344751,0.976633407,-0.057247394
0.501825378,0.173926896,0.104646199,0.780398473,0.116216746
0.782210893,0.322074529,0.639687885,1.743973307,0.111320777
0.469157572,0.377032041,0.758262969,1.604452582,0.083779184
0.270773814,0.171456724,0.998528726,1.440759265,-0.086900002
0.675615515,0.879329135,0.750733571,2.305678222,0.357079405
0.592184675,0.661098054,0.87302772,2.126310449,0.21516195
0.292542881,0.998548414,0.087069399,1.378160694,0.511114615
0.500839895,0.477824541,0.096245709,1.074910146,0.269747118
0.312807236,0.612010041,0.757399026,1.682216303,0.185805939
0.664875444,0.916806734,0.120425047,1.702107225,0.500805902
0.618554629,0.745598294,0.580564849,1.944717772,0.31854164
0.798556609,0.493540188,0.479155381,1.771252179,0.230794679
0.559357995,0.097363442,0.941827681,1.598549117,-0.083748016
0.969204168,0.725851844,0.454123418,2.14917943,0.369021655
0.423181356,0.94875094,0.442274005,1.8142063,0.428238805
0.044029781,0.92997821,0.07560032,1.04960831,0.454272019
0.586550748,0.377220969,0.383863828,1.347635546,0.170492794
0.57510077,0.346773641,0.892635818,1.814510229,0.052369734
0.820705229,0.343915606,0.670984489,1.835605324,0.119831428
0.944413665,0.359663296,0.085471538,1.389548499,0.257178707
0.667722235,0.12102665,0.660256897,1.449005782,-0.004765831
0.975609855,0.731034439,0.564765273,2.271409568,0.35012515
0.606769403,0.93110928,0.469214218,2.0070929,0.432388737
0.922727373,0.148382287,0.544680965,1.615790626,0.057527688
0.272539269,0.422935378,0.613924056,1.309398703,0.115936805
0.400459976,0.12616808,0.56274058,1.089368636,-0.009418079
0.185783518,0.714827331,0.680655108,1.581265957,0.239860996
0.236984217,0.988739016,0.862395203,2.088118436,0.345588889
0.94633994,0.476353154,0.234068104,1.656761199,0.28599695
0.709527571,0.81412091,0.861024184,2.384672664,0.305808375
0.523421,0.004606135,0.986648343,1.514675477,-0.142684501
0.959933532,0.656855256,0.621408644,2.238197433,0.300139252
0.969566163,0.962221343,0.991872094,2.9236596,0.379692869
0.869602096,0.510294725,0.147969521,1.527866341,0.312513668
0.980799345,0.657877969,0.40756082,2.046238134,0.345506755
0.132699357,0.986441295,0.0842396,1.203380252,0.489642663
0.036235363,0.257483647,0.763884001,1.057603012,-0.02041144
0.566927638,0.44962457,0.259218737,1.275770946,0.229661302
0.778659746,0.907116092,0.25152472,1.937300559,0.481119076
0.727658162,0.780534182,0.331338906,1.83953125,0.396765126
0.704639414,0.308398619,0.089854899,1.102892932,0.206692271
0.264366011,0.157855569,0.802705591,1.224927171,-0.055176733
0.810288454,0.163274863,0.796148472,1.769711789,0.003436583
0.122742977,0.854588501,0.854688631,1.832020109,0.268630822
0.087130899,0.509279203,0.153453581,0.749863683,0.232661975
0.910206727,0.089958926,0.45842388,1.458589533,0.04431536
0.388398132,0.858636861,0.467720611,1.714755604,0.374614121
0.56505503,0.212442086,0.906365319,1.683862434,-0.018546518
0.923981812,0.003836599,0.84463101,1.772449422,-0.074609721
0.523685184,0.364332379,0.839160107,1.72717767,0.066702687
0.879317013,0.703954685,0.236425197,1.819696895,0.392624004
0.734848392,0.080431254,0.016238232,0.831517878,0.11045282
0.74022555,0.449853767,0.220075427,1.410154745,0.254934353
0.912254292,0.150625068,0.730256815,1.793136174,0.0204866
0.917095002,0.445887172,0.227118536,1.59010071,0.269229379
0.66250456,0.405501403,0.988232845,2.056238808,0.071354588
0.971019085,0.488412253,0.09463164,1.554062978,0.322381707
0.841421072,0.740897412,0.661909526,2.24422801,0.322208908
0.576700502,0.087431162,0.165391367,0.829523031,0.068307358
0.25509261,0.235776613,0.923437185,1.414306408,-0.041289869
0.889589914,0.847557295,0.917107808,2.654255017,0.329316077
0.746897382,0.08826542,0.630592912,1.465755715,-0.007296134
0.638595855,0.656476871,0.913373804,2.20844653,0.20942326
0.791346594,0.327602084,0.498545012,1.61749369,0.143226699
0.977726197,0.249547446,0.591199618,1.818473262,0.104306419
0.606441828,0.473562518,0.443041692,1.523046038,0.208817103
0.336432152,0.69996672,0.479885464,1.516284336,0.287649483
0.607687573,0.834164705,0.637726308,2.079578586,0.350305848
0.030593701,0.747438732,0.834517548,1.612549981,0.209875226
0.504988323,0.354335644,0.333302986,1.192626953,0.161006057
0.622991545,0.029715405,0.996050876,1.648757826,-0.122053318
0.938636099,0.46654161,0.975223443,2.380401151,0.132089726
0.895709342,0.873808048,0.055990936,1.825508327,0.515276771
0.216351347,0.147990592,0.034816671,0.399158609,0.088667096
0.533381799,0.330071193,0.588544074,1.451997066,0.100664961
0.775032533,0.678136764,0.760219558,2.213388855,0.264527724
0.606431805,0.540331748,0.733752805,1.880516357,0.184058493
0.771896561,0.887571716,0.938628385,2.598096662,0.333249837
0.920034239,0.566394094,0.359418247,1.84584658,0.303316821
0.164105227,0.160369137,0.432948712,0.757423076,0.010005348
0.259807642,0.796984874,0.578638402,1.635430918,0.308745521
0.979621013,0.89271712,0.752284291,2.624622424,0.393863803
0.07748677,0.873740701,0.713825571,1.665053043,0.301853913
0.408584537,0.529934355,0.54535214,1.483871032,0.196755203
0.938249785,0.691988354,0.258011238,1.888249377,0.388216908
0.171354988,0.225008933,0.907543029,1.30390695,-0.05186864
0.667958879,0.65737479,0.448123548,1.773457217,0.305858573
0.622819665,0.661802746,0.562130925,1.846753336,0.280757155
0.425129106,0.903245863,0.653700256,1.982075225,0.363395791
0.761341338,0.876137703,0.103974444,1.741453485,0.493408097
0.390276092,0.004062186,0.43199102,0.826329298,-0.045339502
0.452598075,0.791418964,0.569188383,1.813205422,0.327131613
0.311460706,0.991699321,0.661184168,1.964344195,0.394758898
0.18757057,0.76030742,0.336823776,1.284701767,0.331546012
0.813185146,0.982037591,0.191894385,1.987117122,0.533958433
0.997156347,0.30996268,0.441450448,1.748569476,0.166406885
0.143721662,0.87048767,0.624767354,1.638976686,0.32466253
0.623998446,0.202594166,0.983802349,1.810394961,-0.033063542
0.180776899,0.398941094,0.341087343,0.920805336,0.149330768
0.467042035,0.078077263,0.081164726,0.626284024,0.06950989
0.478594745,0.673071165,0.780418605,1.932084515,0.228311336
0.833283069,0.628364496,0.375289565,1.83693713,0.322452642
0.021042282,0.840699312,0.288478302,1.150219896,0.364758224
0.217841135,0.029102843,0.702055979,0.948999958,-0.104075661
0.702617857,0.527846743,0.525662173,1.756126773,0.229052723
0.942718089,0.081063134,0.27987665,1.303657873,0.078828046
0.686842521,0.443848516,0.994281711,2.124972748,0.091752168
0.762120954,0.174737856,0.762780072,1.699638882,0.011025009
0.359720822,0.496659543,0.644899986,1.501280351,0.155321857
0.457195224,0.283372958,0.33323304,1.073801222,0.120759393
0.543287982,0.861312571,0.910740445,2.315340998,0.302836995
0.740829351,0.508675913,0.160114371,1.409619634,0.296398017
0.146670506,0.62735108,0.737597354,1.51161894,0.18082312
0.563353003,0.489814842,0.703608239,1.756776084,0.160521073
0.698011697,0.760455766,0.464063934,1.922531397,0.357216266
0.408085875,0.555836218,0.970606822,1.934528916,0.124605332
0.252134355,0.586515271,0.235217264,1.07386689,0.271427618
0.023008001,0.54917543,0.278636212,0.850819643,0.221161273
0.001668723,0.506612895,0.805422819,1.313704437,0.092388756
0.118371377,0.395682246,0.442044334,0.956097957,0.121269394
0.178663443,0.706735975,0.468361916,1.353761334,0.277561949
0.091325397,0.028768281,0.50834533,0.628439008,-0.078152386
0.83549033,0.433723738,0.174835538,1.444049605,0.265443794
0.4925029,0.232062581,0.702232746,1.426798227,0.024835031
0.238872915,0.862976104,0.133632341,1.235481361,0.428648875
0.038717638,0.219488545,0.641407558,0.899613741,-0.014665476
0.066966434,0.893080306,0.469483639,1.429530379,0.359340068
0.397967005,0.044050233,0.448197789,0.890215027,-0.027817741
0.515956737,0.445729114,0.385101764,1.346787616,0.197439878
0.918592838,0.733224177,0.394313269,2.046130284,0.379608718
0.113830835,0.258157012,0.857937015,1.229924862,-0.031125813
0.468223282,0.700008137,0.691053431,1.85928485,0.25861571
0.20908492,0.012359758,0.336663866,0.558108544,-0.040244402
0.884474313,0.076433337,0.464156372,1.425064022,0.033832826
0.133952546,0.196153046,0.02193518,0.352040772,0.107084741
0.037155987,0.138713434,0.204459076,0.380328496,0.0321805
0.474142897,0.26415852,0.269219599,1.007521016,0.12564963
0.585663229,0.81441918,0.358812486,1.758894894,0.394013415
0.369395163,0.256992245,0.769774336,1.396161744,0.011480771
0.215559548,0.144908854,0.714897548,1.07536595,-0.048969128
0.807838008,0.037673407,0.676999738,1.522511153,-0.035779443
0.681943635,0.790795498,0.237427956,1.71016709,0.416106521
0.816452857,0.917176861,0.061078273,1.794707991,0.528018062
0.23024653,0.299909706,0.535364571,1.065520807,0.065906592
0.850488445,0.1438896,0.35570258,1.350080625,0.085853128
0.206514869,0.915094077,0.413807278,1.535416225,0.39543707
0.735735707,0.007405882,0.453672059,1.196813647,-0.0134579
0.286346322,0.351302252,0.128628827,0.766277401,0.178559993
0.582020767,0.791640363,0.756527439,2.13018857,0.30271677
0.132325452,0.128065483,0.290692004,0.55108294,0.019126886
0.458758896,0.738110258,0.363714695,1.560583849,0.342188079
0.270186162,0.088675106,0.21127166,0.570132928,0.029101837
0.117163632,0.393372696,0.652867274,1.163403602,0.077829256
0.646578902,0.030245823,0.866076716,1.542901441,-0.093434541
0.012262797,0.020890906,0.441755862,0.474909565,-0.07667944
0.804960163,0.931241917,0.82010566,2.556307741,0.382095843
0.667135224,0.564191134,0.44918603,1.680512388,0.258971883
0.315393884,0.922613764,0.745765944,1.983773593,0.343693082
0.172350646,0.852714398,0.196129062,1.221194106,0.404366451
0.013650557,0.925474389,0.694240778,1.633365724,0.325254094
0.794018149,0.59939547,0.457498018,1.850911638,0.287599946
0.737566518,0.713933659,0.822582559,2.274082736,0.266206969
0.809229282,0.657798323,0.045171698,1.512199303,0.40078775
0.629983074,0.245247929,0.919254263,1.794485266,0.00177142
0.171993593,0.260320796,0.914938638,1.347253026,-0.03562797
0.310742114,0.95069845,0.490773501,1.752214065,0.408268736
0.14194458,0.83288899,0.214930883,1.189764453,0.387652776
0.744117859,0.943770921,0.862830597,2.550719377,0.373731127
0.521863125,0.742841406,0.300434252,1.565138783,0.363520165
0.191314927,0.846274372,0.524313994,1.561903293,0.33740588
0.149050421,0.471262298,0.159646419,0.779959137,0.218606907
0.155570373,0.045994407,0.175535433,0.377100214,0.003447154
0.548983031,0.092273833,0.552978114,1.194234978,-0.009560403
0.166266581,0.920182037,0.68059723,1.767045847,0.340598231
0.196917132,0.487616517,0.141220872,0.825754521,0.235255797
0.494741737,0.713144412,0.214909438,1.422795587,0.363064492
0.923491662,0.027507015,0.085561397,1.036560073,0.088990394
0.77869632,0.016336373,0.339343546,1.134376239,0.018169109
0.712424585,0.360822534,0.290915134,1.364162254,0.193470699
0.20065319,0.642313358,0.289326625,1.132293172,0.283356673
0.213581268,0.538282763,0.898775245,1.650639275,0.110744459
0.287176628,0.564042975,0.380341639,1.231561242,0.234670823
0.99329129,0.892590042,0.127467383,2.013348715,0.520130673
0.60040472,0.222023221,0.882971253,1.705399194,-0.005542168
0.185013891,0.585087481,0.767715916,1.537817288,0.157501947
0.022395276,0.767278471,0.145947575,0.935621323,0.356689248
0.426746534,0.850074658,0.415804269,1.692625461,0.384551129
0.884249787,0.021823259,0.344160675,1.250233721,0.030504473
0.528785553,0.026366479,0.631724156,1.186876188,-0.060283036
0.404324568,0.494459707,0.389736975,1.28852125,0.209714915
0.135450353,0.685508701,0.48827683,1.309235884,0.258644019
0.223411671,0.889114349,0.944326518,2.056852538,0.278033038
0.481946897,0.000820535,0.459878232,0.942645664,-0.043370689
0.409237837,0.673760063,0.385960687,1.468958587,0.300611678
0.878808443,0.924536951,0.260501706,2.0638471,0.498048979
0.274620109,0.277935766,0.16025736,0.712813236,0.134378422
0.73378547,0.525001674,0.353297251,1.612084395,0.265219934
0.885433086,0.180217511,0.42484567,1.490496266,0.09368293
0.667441987,0.597169968,0.568787526,1.83339948,0.251571677
0.463725172,0.875507861,0.237687688,1.576920721,0.43658891
0.519068316,0.372837043,0.090137779,0.982043138,0.220297797
0.981306482,0.41732978,0.944801661,2.343437924,0.117835206
0.554488744,0.770869826,0.181743177,1.507101747,0.404535152
0.512817867,0.191651156,0.197480222,0.901949245,0.10761132
0.914700663,0.717263563,0.966428291,2.598392517,0.256816189
0.695385279,0.315039629,0.693182927,1.703607835,0.088421757
0.680262835,0.938866496,0.744958528,2.364087859,0.388467826
0.028364302,0.127411966,0.36775024,0.523526508,-0.007007635
0.766605574,0.778107007,0.16034978,1.705062361,0.433644105
0.953145876,0.88343948,0.292523407,2.129108763,0.478529646
0.122566807,0.033684348,0.270114869,0.426366024,-0.024924119
0.01863556,0.622187628,0.00109024,0.641913428,0.312739322
0.028344692,0.647830482,0.382376762,1.058551935,0.250274358
0.43614231,0.862412561,0.641895371,1.940450242,0.346441437
0.204601413,0.28586113,0.495480887,0.98594343,0.064294529
0.422821992,0.076232671,0.825893234,1.324947897,-0.084780112
0.903419695,0.518188678,0.530218041,1.951826414,0.2433927
0.981562269,0.013838787,0.576394145,1.571795201,-0.010203208
0.053062226,0.995427719,0.670501325,1.71899127,0.368919817
0.0073032,0.743294858,0.618860733,1.369458791,0.248605602
0.324721794,0.407801616,0.219275173,0.951798583,0.192517953
0.703476541,0.22100478,0.834080543,1.758561864,0.014033936
0.903955091,0.102774719,0.327919709,1.33464952,0.076198927
0.532386184,0.621580177,0.938509984,2.092476346,0.17632671
0.971268731,0.489000566,0.345176097,1.805445394,0.272591937
0.198269776,0.841651593,0.171054849,1.210976218,0.406441804
0.47404572,0.35381279,0.539687534,1.367546044,0.11637346
0.419067011,0.158041627,0.082920138,0.660028776,0.104343487
0.234501395,0.788727604,0.31055819,1.333787189,0.355702303
0.082787078,0.473847728,0.235528936,0.792163742,0.198096785
0.201902281,0.537133106,0.071808223,0.81084361,0.274395136
0.467294418,0.45842136,0.452758148,1.378473926,0.185388492
0.041686365,0.076690979,0.314964136,0.43334148,-0.020478701
0.734055858,0.153168574,0.481782395,1.369006827,0.053633394
0.713499006,0.724169958,0.714837334,2.152506297,0.290467413
0.098174775,0.549776602,0.924662035,1.572613411,0.099773371
0.425205348,0.521093447,0.390625602,1.336924397,0.224942138
0.918306897,0.435037516,0.74767918,2.101023592,0.159813612
0.323321945,0.54244488,0.725709007,1.591475832,0.158412833
0.443378209,0.520984765,0.659458453,1.623821427,0.172938513
0.021994591,0.907697574,0.475753234,1.405445398,0.360897599
0.632891189,0.186564189,0.830154007,1.649609386,-0.009459588
0.472660312,0.221869772,0.008077908,0.702607992,0.156585336
0.582651194,0.656227216,0.650595899,1.889474308,0.256259548
0.743943726,0.467210249,0.119943248,1.331097224,0.284010848
0.252772933,0.895388558,0.733740855,1.881902346,0.326223401
0.333890929,0.897078114,0.207486746,1.438455788,0.440430801
0.425739358,0.589308478,0.79627143,1.811319266,0.177973889
0.263302681,0.694316969,0.677695607,1.635315257,0.237949631
0.442648532,0.937018544,0.755001501,2.134668578,0.361773825
0.256398003,0.637098861,0.2061387,1.099635564,0.302961491
0.618127494,0.395420208,0.038581953,1.052129654,0.251806463
0.532203567,0.007464306,0.149029366,0.688697239,0.027146637
0.162677143,0.701499449,0.402448246,1.266624838,0.28652779
0.758506861,0.674557092,0.688289392,2.121353345,0.275471354
0.567642005,0.965972199,0.443245184,1.976859387,0.451101263
0.236768307,0.339269706,0.493603168,1.069641181,0.09459105
0.232017454,0.010317711,0.36999864,0.612333805,-0.045639127
0.135277764,0.500740807,0.608908295,1.244926867,0.142116521
0.094977076,0.585594022,0.207884474,0.888455571,0.260717824
0.474593257,0.363320839,0.197836312,1.035750408,0.189552483
0.575898193,0.160924576,0.987810247,1.724633015,-0.059509942
0.925113928,0.613102005,0.889131072,2.427347006,0.221236181
0.676572375,0.286420508,0.755726574,1.718719457,0.059722177
0.062216218,0.366112804,0.387050487,0.815379508,0.111867926
0.329949084,0.987015437,0.626670985,1.943635507,0.40116843
0.417257556,0.319145749,0.389230767,1.125634072,0.123452477
0.176552831,0.691565112,0.22821175,1.096329693,0.317795489
0.81467834,0.952498994,0.706815447,2.473992781,0.416354241
0.824550335,0.333385105,0.938447471,2.096382912,0.061458092
0.268721605,0.46177377,0.123172953,0.853668328,0.233124455
0.022245006,0.491010903,0.744639096,1.257895006,0.098802133
0.174307256,0.834079585,0.885413758,1.8938006,0.257387767
0.231285306,0.838376311,0.461714094,1.531375711,0.349973867
0.541696502,0.123719699,0.302824197,0.968240398,0.05546466
0.764006469,0.216077909,0.704224831,1.684309209,0.043594635
0.464001422,0.324273703,0.74912567,1.537400795,0.05871186
0.080002025,0.591383173,0.390980188,1.062365387,0.225495752
0.794878001,0.954447326,0.604741583,2.35406691,0.435763147
0.068112509,0.990621625,0.11567789,1.174412024,0.478986485
0.969834569,0.393665204,0.112590423,1.476090195,0.271297974
0.479181427,0.57364607,0.907116915,1.959944411,0.153317794
0.05567369,0.318975064,0.931288548,1.305937302,-0.021202808
0.772805039,0.042059549,0.482220521,1.297085109,0.001866174
0.004871686,0.345174259,0.055891567,0.405937512,0.161895984
0.141797289,0.559908163,0.876903898,1.57860935,0.118753031
0.506892157,0.939368573,0.38630678,1.832567511,0.443112146
0.984238999,0.501874032,0.357973932,1.844086963,0.27776613
0.165353109,0.370080779,0.826496682,1.361930569,0.036276364
0.306101036,0.144259626,0.06136855,0.511729212,0.090466207
0.982361477,0.040481336,0.475485085,1.498327898,0.023379799
0.913990788,0.66112821,0.155607481,1.730726479,0.390841688
0.377275958,0.343610434,0.104553046,0.825439439,0.188622204
0.196891658,0.234232654,0.359410574,0.790534886,0.064923378
0.206093319,0.353165995,0.147972845,0.707232159,0.167597761
0.474170196,0.580963576,0.475992485,1.531126257,0.242700311
0.283457792,0.344004103,0.261319404,0.888781299,0.14808395
0.384675536,0.878153931,0.234115087,1.496944554,0.430721502
0.902587151,0.238223095,0.989288516,2.130098762,0.011512559
0.534180923,0.648267325,0.345994674,1.528442921,0.30835282
0.443251802,0.818043296,0.769053653,2.030348751,0.299536098
0.092392701,0.843302948,0.12481385,1.060509499,0.405927974
0.136003369,0.416843712,0.505888793,1.058735873,0.120844434
0.021134803,0.675738026,0.432811993,1.129684823,0.253420095
0.733530896,0.830640133,0.489134319,2.053305348,0.390846292
0.515476748,0.314193025,0.745014836,1.574684609,0.05964122
0.507128455,0.353252951,0.332063437,1.192444843,0.160926634
0.98202545,0.491428032,0.695425045,2.168878527,0.204831552
0.45855679,0.393710729,0.134500029,0.986767548,0.215811038
0.770826459,0.772256756,0.116497185,1.6595804,0.439911587
0.948272598,0.172274266,0.762678241,1.883225105,0.028428744
0.187169182,0.262401078,0.101201644,0.550771904,0.129677128
0.798995234,0.014002358,0.446512071,1.259509663,-0.002401712
0.87349619,0.498834294,0.629682272,2.002012756,0.210830311
0.480068568,0.879586917,0.753525914,2.113181398,0.337095133
0.617481141,0.181351894,0.219962691,1.018795726,0.108431523
0.447608757,0.869213499,0.711129716,2.027951972,0.337141682
0.673564128,0.041533309,0.958380553,1.67347799,-0.103553043
0.891157177,0.903340372,0.767939128,2.562436676,0.387198078
0.308554221,0.946995885,0.680286071,1.935836176,0.36829615
0.107442142,0.919004409,0.495225993,1.521672543,0.37120122
0.803338723,0.26155079,0.33526596,1.400155473,0.144056075
0.100198157,0.581244729,0.887239274,1.56868216,0.123194326
0.90142038,0.298184379,0.35182283,1.551427589,0.168869662
0.83833472,0.879823968,0.197098932,1.91525762,0.484325669
0.958233807,0.907201812,0.533086881,2.3985225,0.44280691
0.209491888,0.815367863,0.348291716,1.373151467,0.358974777
0.292417468,0.389650178,0.748441319,1.430508964,0.074378572
0.887580296,0.209991189,0.684478107,1.782049592,0.056858003
0.338407148,0.915505558,0.498573573,1.752486279,0.391878779
0.238903814,0.901592418,0.867133835,2.007630067,0.301259823
0.184460092,0.558432851,0.871475294,1.614368237,0.123367376
0.115439048,0.909581001,0.527096389,1.552116438,0.360915128
0.989855611,0.105625244,0.319222312,1.414703167,0.087953721
0.23920968,0.194905071,0.777624149,1.211738901,-0.034151326
0.630175945,0.929311388,0.297902037,1.857389371,0.468092881
0.759431896,0.455247926,0.038464953,1.253144774,0.295874162
0.110889045,0.984715155,0.58370491,1.67930911,0.3867055
0.755122913,0.452531188,0.773812275,1.981466377,0.14701543
0.693294407,0.113047664,0.441936164,1.248278235,0.03746604
0.364438383,0.960157961,0.668590979,1.993187323,0.382804623
0.793456845,0.332116094,0.823480895,1.949053835,0.080707553
0.49449431,0.672138789,0.082168986,1.248802085,0.369085028
0.677965464,0.34435418,0.774869754,1.797189398,0.084999686
0.25372323,0.715484439,0.839899589,1.809107258,0.215134625
0.059741389,0.427412952,0.684177073,1.171331414,0.0828452
0.043009568,0.822799939,0.729894521,1.595704028,0.269722022
0.187046601,0.739511995,0.801544482,1.728103078,0.228151761
0.053011236,0.811358556,0.16813379,1.032503582,0.377353643
0.410376924,0.332370194,0.452456109,1.195203227,0.116731567
0.033423815,0.116144341,0.874491345,1.024059502,-0.113483717
0.12890358,0.471898565,0.243393257,0.844195402,0.200160989
0.293871667,0.61661597,0.949149018,1.859636655,0.147865348
0.752065084,0.458870883,0.007598908,1.218534875,0.303122169
0.12454548,0.601458473,0.036262326,0.762266279,0.305931319
0.580234528,0.029402336,0.576700305,1.186337169,-0.04261544
0.754568132,0.355384773,0.520908081,1.630860987,0.148967583
0.053814616,0.244722478,0.308729115,0.607266209,0.065996878
0.465707037,0.174655819,0.890895653,1.531258509,-0.044280517
0.515151282,0.717725545,0.426594924,1.659471751,0.325058916
0.029862402,0.810178903,0.88485988,1.724901185,0.231103716
0.658396526,0.729995776,0.660824144,2.049216446,0.298672712
0.780115045,0.03739117,0.789666562,1.607172777,-0.061226223
0.630424078,0.185406425,0.368102343,1.183932846,0.082125152
0.276434088,0.742983123,0.422382526,1.441799738,0.314658465
0.815661918,0.676121384,0.928222874,2.420006177,0.233982309
0.329783211,0.691332351,0.189055692,1.210171254,0.340833358
0.613158896,0.700118798,0.642102447,1.95538014,0.282954799
0.941838383,0.639582491,0.206464883,1.787885758,0.372682107
0.972046199,0.161444262,0.163475131,1.296965591,0.145231725
0.341048467,0.04732447,0.599394003,0.987766939,-0.062111719
0.420148193,0.693684379,0.682701962,1.796534533,0.252316616
0.234147541,0.623491873,0.151853216,1.00949263,0.304790047
0.947139223,0.091995438,0.856721025,1.895855686,-0.030632564
0.965378183,0.759376134,0.881958543,2.60671286,0.299834177
0.468750742,0.023680355,0.379397865,0.871828962,-0.017164321
0.062400713,0.361015328,0.507420292,0.930836332,0.085263677
0.012023575,0.892666728,0.682326173,1.587016477,0.311070487
0.69749148,0.417510927,0.178073809,1.293076216,0.24288985
0.069545929,0.74472265,0.086254167,0.900522747,0.362065085
0.185932391,0.164650916,0.237052797,0.587636104,0.053508138
0.077478878,0.583638324,0.61041992,1.271537123,0.177483066
0.652769929,0.950699256,0.661223747,2.264692932,0.408381872
0.548296796,0.715511547,0.000194468,1.264002811,0.41254656
0.028623088,0.846220579,0.187924126,1.062767793,0.388387773
0.470226846,0.144828844,0.024070418,0.639126109,0.114623023
0.012502498,0.773751745,0.965857574,1.752111817,0.194954608
0.053213211,0.479008546,0.683809714,1.216031471,0.108063651
0.266118747,0.684293288,0.722197246,1.672609281,0.22431907
0.106152717,0.929144782,0.429592161,1.46488966,0.389269231
0.814580246,0.749040831,0.480753645,2.044374722,0.359827711
0.850003518,0.576285324,0.502687249,1.92897609,0.272605564
0.046471719,0.278420538,0.207094859,0.531987116,0.102438469
0.998812099,0.613597717,0.545856839,2.158266655,0.297508701
0.604036188,0.662040831,0.61314632,1.879223339,0.26879477
0.853555952,0.766451592,0.207192223,1.827199767,0.427142947
0.724223117,0.837411301,0.837981807,2.399616225,0.323531601
0.386940674,0.280819812,0.270646627,0.938407113,0.124974648
0.570759151,0.536865989,0.72861612,1.83624126,0.179785686
0.535205788,0.434627231,0.58857217,1.558405189,0.15311976
0.82393865,0.211311794,0.170267328,1.205517772,0.153996296
0.927841401,0.647069826,0.250210631,1.825121857,0.366276927
0.9572584,0.566432112,0.799843291,2.323533803,0.218973238
0.684104837,0.509918917,0.28389598,1.477919734,0.266590746
0.470395341,0.405663312,0.23190884,1.107967493,0.203489422
0.88804217,0.997799905,0.551559744,2.43740182,0.477392221
0.204366272,0.221756833,0.756825025,1.182948131,-0.020049962
0.539990945,0.300051353,0.340736449,1.180778747,0.135877481
0.089580323,0.563273073,0.248268807,0.901122203,0.240940808
0.660105543,0.120444467,0.540863357,1.321413368,0.018060116
0.938006562,0.401309484,0.369680547,1.708996592,0.220519289
0.907170558,0.296527719,0.115360795,1.319059072,0.215908756
0.455951967,0.186818282,0.43776848,1.08053873,0.051450642
0.635968469,0.64992986,0.572765194,1.858663523,0.274008738
0.73588523,0.147789106,0.750428066,1.634102402,-0.002602537
0.330032335,0.296990465,0.910109883,1.537132683,-0.000523511
0.973871821,0.448631138,0.032349205,1.454852164,0.31523291
0.760127453,0.72499737,0.43118142,1.916306244,0.352275146
0.27786473,0.415209946,0.028225133,0.721299808,0.229746419
0.422603713,0.856524136,0.350389167,1.629517015,0.400444606
0.150596181,0.928420438,0.203690145,1.282706763,0.438531808
0.438486222,0.373399907,0.935293345,1.747179474,0.043489907
0.554805709,0.154437963,0.481033008,1.19027668,0.036492951
0.284304658,0.632176363,0.196459757,1.112940777,0.305226696
0.810193226,0.687376799,0.236530674,1.734100699,0.377401587
0.824660883,0.312666787,0.679474269,1.816801938,0.102904628
0.949141468,0.433070761,0.086456425,1.468668654,0.294158242
0.352930409,0.870274891,0.258615419,1.481820719,0.418707403
0.283318183,0.142479481,0.096177642,0.521975307,0.08033603
0.424370865,0.47689811,0.366296393,1.267565367,0.207626863
0.964833194,0.350311319,0.04813275,1.363277263,0.262012429
0.064770604,0.041977367,0.642321925,0.749069897,-0.100998641
0.408334556,0.463935861,0.701587223,1.573857641,0.132483942
0.585785687,0.16404234,0.066742949,0.816570976,0.127251149
0.165358467,0.077336187,0.811455415,1.054150069,-0.107087143
0.681796088,0.08374634,0.103148732,0.86869116,0.089423032
0.546904818,0.137555679,0.57536022,1.259820717,0.008396277
0.749118807,0.092456355,0.498746045,1.340321207,0.021390849
0.443861417,0.877649074,0.773009875,2.094520366,0.328608704
0.418133655,0.444427914,0.842010009,1.704571578,0.095625321
0.040259509,0.606325007,0.978777601,1.625362117,0.111432934
0.048791061,0.093870596,0.940152921,1.082814578,-0.13621618
0.413284848,0.087814645,0.127679597,0.62877909,0.059699888
0.466007453,0.705803008,0.748321652,1.920132114,0.249837919
0.405909557,0.991968057,0.909425226,2.30730284,0.354689939
0.673140765,0.203981596,0.404143527,1.281265888,0.088476169
0.828122073,0.330912055,0.155517079,1.314551207,0.217164819
0.173020981,0.684528056,0.281558915,1.139107952,0.303254343
0.047533226,0.972340447,0.949582476,1.969456148,0.301007051
0.232110727,0.556867594,0.687301542,1.476279863,0.164184561
0.829287638,0.219855964,0.178241873,1.227385475,0.157208371
0.933491305,0.787014692,0.386927993,2.10743399,0.409470878
0.592603168,0.074850075,0.349175729,1.016628972,0.026850209
0.781045371,0.456746042,0.071843328,1.309634742,0.292108892
0.003394997,0.152957492,0.569162925,0.725515414,-0.037014339
0.130662499,0.520715908,0.23841035,0.889788756,0.225742134
0.180020155,0.891936884,0.396203987,1.468161027,0.38472966
0.554997266,0.471892015,0.493533208,1.520422489,0.192739093
0.127205021,0.755495081,0.356991038,1.23969114,0.319069835
0.354397227,0.728963126,0.351794266,1.43515462,0.329562433
0.731195522,0.858549839,0.070398918,1.660144279,0.488314688
0.635872783,0.438336728,0.479793284,1.554002796,0.186796986
0.175093548,0.775211828,0.878670042,1.828975418,0.22938126
0.411398312,0.312954617,0.880466795,1.604819725,0.021523781
0.300505752,0.182962259,0.040771095,0.524239106,0.113377486
0.665512571,0.339399771,0.05681546,1.061727802,0.224888051
0.4136862,0.48936681,0.843625671,1.746678681,0.117326891
0.158453559,0.166882894,0.371889622,0.697226075,0.024908878
0.607152005,0.094675626,0.230258861,0.932086493,0.062001242
0.4541108,0.128439235,0.450497047,1.033047081,0.019531288
0.925779506,0.529244249,0.674079503,2.129103258,0.222384174
0.580653534,0.114275273,0.562034055,1.256962862,0.002796179
0.380730589,0.225232828,0.680490544,1.286453961,0.014591364
0.098764519,0.512603227,0.593119252,1.204486998,0.147554215
0.919674175,0.601507784,0.977989282,2.499171241,0.197123453
0.341566612,0.907603909,0.345317057,1.594487578,0.418895204
0.763364413,0.858664874,0.352478478,1.974507766,0.435173183
0.726270027,0.735224489,0.661786668,2.123281184,0.307881914
0.027346728,0.644990164,0.170646219,0.842983111,0.291100511
0.240069907,0.794279349,0.480648376,1.514997633,0.32501699
0.794654816,0.622672748,0.513798263,1.931125827,0.288042203
0.165375219,0.88954281,0.386936631,1.44185466,0.383921601
0.431588596,0.423063677,0.6342341,1.488886374,0.127843878
0.886269359,0.84846358,0.790267301,2.52500024,0.354805266
0.956002569,0.093279841,0.640779942,1.690062352,0.014084189
0.968648274,0.875725604,0.119276303,1.963650181,0.510872369
0.553831045,0.253994224,0.162686813,0.970512082,0.149842854
0.843972134,0.110426238,0.3170584,1.271456772,0.076198652
0.332393406,0.780722473,0.729922134,1.843038013,0.277616151
0.064578904,0.081690914,0.837747639,0.984017456,-0.12024618
0.435235564,0.155052476,0.052031743,0.642319783,0.110643446
0.950968519,0.242650235,0.817058205,2.010676959,0.053010328
0.372406321,0.254123018,0.778372264,1.404901603,0.008627688
0.96879115,0.25317071,0.835324915,2.057286776,0.056399487
0.16680448,0.350177087,0.82705436,1.344035927,0.026358119
0.64942605,0.142126373,0.152852532,0.944404954,0.105435285
0.306672329,0.823802729,0.12767198,1.258147038,0.417034201
0.450442353,0.824201151,0.356740994,1.631384497,0.385796612
0.084750992,0.947501636,0.481493094,1.513745722,0.385927298
0.050172494,0.304939498,0.722022011,1.077134003,0.013082596
0.606713566,0.717020059,0.966098405,2.28983203,0.225961705
0.785959293,0.640822851,0.297366831,1.724148975,0.339533989
0.428977126,0.258446122,0.535257546,1.222680794,0.065069264
0.162334056,0.451828574,0.278981027,0.893143657,0.186351487
0.065523641,0.406795071,0.224991075,0.697309787,0.164951685
0.221674962,0.828181152,0.405218959,1.455075072,0.35521428
0.134306859,0.722067641,0.024846813,0.881221313,0.369495144
0.240906368,0.133812063,0.920567317,1.295285748,-0.093116795
0.01139128,0.626901861,0.444083472,1.082376613,0.225773364
0.183852794,0.171037363,0.45282128,0.807711437,0.013339705
0.508650718,0.449493336,0.756413973,1.714558027,0.124328945
0.924845667,0.204536141,0.051892641,1.181274449,0.184374109
0.581371593,0.018626109,0.281188096,0.881185799,0.011212595
0.37576494,0.720356931,0.267247889,1.363369759,0.344305382
0.024996194,0.61087124,0.258919021,0.894786455,0.256151435
0.550425675,0.330302927,0.960442313,1.841170915,0.028105568
0.174726688,0.679417612,0.368455108,1.222599408,0.283490453
0.406025929,0.623927292,0.47494821,1.504901432,0.257576597
0.172891218,0.762584666,0.932864702,1.868340586,0.212008514
0.150604871,0.502064736,0.798860923,1.45153053,0.10632067
0.776370353,0.310921292,0.518367118,1.605658763,0.129424258
0.657444468,0.903412338,0.730661401,2.291518207,0.371318336
0.621633448,0.67372457,0.580559768,1.875917786,0.282913676
0.749458341,0.495370323,0.600764045,1.845592709,0.202478187
0.496555562,0.470482023,0.475158906,1.442196492,0.189864787
0.078416896,0.89261776,0.205036961,1.176071617,0.413143178
0.509857998,0.494912978,0.126130183,1.130901159,0.273216252
0.373481313,0.848967424,0.718025198,1.940473935,0.318226804
0.255229431,0.324829517,0.227134741,0.807193689,0.142510753
0.727339086,0.808763525,0.095924629,1.632027239,0.457930745
0.373469749,0.097952443,0.461871734,0.933293926,-0.006051151
0.336195362,0.995197439,0.255353836,1.586746637,0.480147489
0.03436734,0.110726083,0.479643511,0.624736934,-0.037128927
0.680801588,0.498479231,0.85557838,2.034859199,0.146204098
0.350927086,0.592215057,0.792409416,1.735551559,0.172718354
0.067647163,0.345838703,0.586160149,0.999646015,0.062452038
0.217274998,0.863123214,0.166581043,1.246979255,0.419972898
0.871121642,0.196442764,0.699306719,1.766871126,0.045472202
0.146688855,0.705089759,0.820608759,1.672387373,0.203092013
0.711955808,0.051916768,0.425209323,1.1890819,0.0121121
0.707569214,0.817742049,0.764482938,2.289794201,0.326731358
0.610007772,0.847855839,0.047649783,1.505513394,0.47539874
0.447984706,0.512907728,0.191122182,1.152014616,0.263027898
0.441974792,0.100609177,0.979340681,1.52192465,-0.101366068
0.0079157,0.67961093,0.300207088,0.987733718,0.280555617
0.546361548,0.012813389,0.814565705,1.373740641,-0.101870292
0.983706919,0.849289778,0.753432942,2.586429638,0.372328993
0.803359116,0.516965466,0.296814474,1.617139055,0.27945575
0.745563856,0.99422917,0.575555242,2.315348268,0.456559922
0.754133326,0.873697121,0.054120904,1.68195135,0.501437712
0.754575864,0.125631721,0.018650421,0.898858006,0.134543363
0.664475695,0.391837428,0.365610311,1.421923433,0.189244221
0.380105329,0.303942132,0.484694408,1.168741869,0.093042717
0.369620589,0.766408958,0.842862088,1.978891635,0.25159412
0.722040798,0.981547028,0.438285978,2.141873803,0.475320398
0.333074764,0.451186748,0.675317616,1.459579129,0.123837327
0.822567779,0.517555106,0.314627956,1.654750842,0.27810874
0.742484552,0.542575238,0.858498944,2.143558734,0.173836286
0.941203764,0.970866219,0.310211994,2.222281977,0.517511087
0.128216618,0.172177153,0.846190328,1.146584099,-0.070327827
0.976044081,0.767276157,0.648926978,2.392247216,0.351457091
0.582279356,0.505964448,0.801182435,1.889426239,0.150973673
0.609820289,0.744288268,0.321360252,1.675468809,0.368854113
0.806233886,0.071753946,0.45481696,1.332804793,0.025536969
0.829195659,0.678925086,0.01225374,1.520374484,0.419931361
0.309059993,0.33682622,0.07661084,0.722497053,0.183996941
0.270886866,0.804807492,0.750060654,1.825755013,0.279480302
0.551909888,0.531764124,0.383635775,1.467309787,0.244345896
0.273856677,0.466982527,0.642593843,1.383433048,0.132358163
0.789877184,0.634070283,0.935311864,2.359259332,0.208960487
0.406151734,0.911579116,0.940065055,2.257795905,0.30839172
0.549243901,0.57248743,0.248348278,1.370079609,0.29149845
0.411278763,0.837610116,0.062799624,1.311688503,0.447373009
0.2196876,0.970751376,0.698486275,1.888925251,0.367647193
0.946367574,0.986900883,0.548848627,2.482117085,0.478317474
0.061569218,0.237466667,0.083579031,0.382614917,0.108174449
0.178299179,0.74183245,0.370456149,1.290587779,0.314654913
0.040505332,0.230241567,0.448319025,0.719065923,0.029507512
0.293642344,0.036120241,0.933553081,1.263315667,-0.139286261
0.564900709,0.813709921,0.987369092,2.365979723,0.265871213
0.038645149,0.314111477,0.010043657,0.362800283,0.158911522
0.747195137,0.252626941,0.48663812,1.486460198,0.10370536
0.549670239,0.859489735,0.296416388,1.705576363,0.425428614
0.88866548,0.130476392,0.946685959,1.965827831,-0.035232448
0.877987195,0.979290207,0.172541711,2.029819114,0.542935481
0.935863733,0.229125141,0.08300295,1.247991824,0.191548354
0.844243861,0.314898008,0.785596212,1.944738081,0.084754148
0.896582831,0.040734207,0.098045109,1.035362147,0.090416365
0.261332423,0.078263871,0.155911856,0.495508149,0.034082806
0.708137558,0.69757253,0.037333662,1.44304375,0.412133288
0.338874583,0.23937262,0.653828095,1.232075298,0.022808149
0.592530292,0.508371258,0.367132365,1.468033915,0.240012185
0.286966181,0.306679798,0.148180448,0.741826427,0.152400428
0.685913222,0.012320665,0.183448999,0.881682886,0.038061855
0.521676262,0.764917854,0.911895631,2.198489747,0.252247427
0.462647063,0.379785163,0.671237729,1.513669955,0.101909742
0.77941738,0.18967861,0.164611291,1.133707281,0.139858785
0.931109495,0.212851159,0.889835784,2.033796438,0.021569372
0.302358356,0.584171013,0.313455412,1.19998478,0.25963026
0.38167657,0.513079175,0.646098364,1.54085411,0.165487572
0.052713617,0.418052164,0.017974993,0.488740774,0.210702445
0.379846542,0.857979887,0.186270083,1.424096512,0.429720581
0.178451405,0.545668174,0.505333386,1.229452965,0.18961255
0.870751081,0.487128709,0.538140903,1.896020693,0.223011282
0.041034432,0.919436844,0.134102702,1.094573978,0.437001325
0.902767733,0.125288547,0.910236479,1.938292759,-0.029126249
0.069217781,0.935059516,0.197868371,1.202145668,0.434877862
0.63993609,0.005637024,0.382376363,1.027949478,-0.009663151
0.137589756,0.997669354,0.522517069,1.657776179,0.408090239
0.275266138,0.063197529,0.855508668,1.193972336,-0.111976355
0.468635882,0.104447054,0.805101427,1.378184363,-0.06193317
0.367496887,0.677656254,0.796536971,1.841690111,0.216270422
0.201334385,0.408988007,0.290889202,0.901211594,0.166449602
0.465037659,0.596007905,0.537531919,1.598577482,0.237001334
0.099314849,0.443092886,0.849720724,1.392128459,0.061533783
0.793692303,0.914559995,0.529242861,2.237495158,0.430800656
0.204240333,0.57486772,0.888930527,1.66803858,0.130071788
0.546756793,0.918497223,0.099236319,1.564490335,0.494077027
0.100825576,0.667249295,0.005904363,0.773979234,0.342526332
0.787573113,0.260016001,0.662698377,1.710287491,0.076225637
0.475516435,0.42786073,0.559857982,1.463235148,0.149510412
0.60832008,0.010666293,0.471571214,1.090557587,-0.028149088
0.004491972,0.779805421,0.308294032,1.092591425,0.328693101
0.421860928,0.735710605,0.134756653,1.292328185,0.383090065
0.297920215,0.454133125,0.801493685,1.553547026,0.096559847
0.226026387,0.115912605,0.930697038,1.27263603,-0.105580466
0.491637567,0.898556843,0.644782245,2.034976655,0.369485729
0.939556044,0.48115729,0.76073059,2.181443925,0.182388132
0.590695222,0.866166659,0.861997015,2.318858897,0.319753449
0.416617028,0.600141407,0.55939965,1.576158085,0.229852476
0.833442314,0.097086147,0.31674147,1.247269931,0.068539011
0.500828559,0.237492283,0.355462734,1.093783576,0.09773645
0.436759995,0.277284832,0.128802825,0.842847652,0.15655785
0.321067102,0.58328197,0.559083028,1.4634321,0.211931089
0.262902776,0.816778245,0.183511375,1.263192395,0.397977125
0.458664318,0.380013182,0.556310361,1.394987862,0.124610951
0.341661469,0.307116482,0.956677467,1.605455417,-0.003611105
0.084537897,0.449911907,0.331867685,0.86631749,0.167036206
0.789961484,0.576773908,0.823344446,2.190079838,0.202714213
0.929737442,0.727122487,0.882384237,2.539244165,0.28005814
0.297751282,0.813461888,0.365794444,1.477007614,0.363347183
0.687051873,0.068165756,0.397239819,1.152457448,0.023340101
0.277433385,0.773217498,0.853387564,1.904038447,0.243674575
0.350680023,0.056630321,0.784366748,1.191677093,-0.093490187
0.843151088,0.212330844,0.352124969,1.407606901,0.120055537
0.332902088,0.126574907,0.288215112,0.747692108,0.03893464
0.587093172,0.110361426,0.089712059,0.787166657,0.095947618
0.105428587,0.169606228,0.485325446,0.760360261,-0.001719116
0.392867635,0.348301592,0.337887968,1.079057195,0.145859966
0.929762369,0.75462259,0.9618378,2.64622276,0.277919972
0.064483437,0.564892848,0.9152335,1.544609784,0.105848068
0.036812956,0.588740832,0.87163898,1.497192768,0.123723916
0.79508538,0.327455296,0.63883521,1.761375887,0.115469144
0.230291854,0.898809141,0.901017299,2.030118293,0.292230296
0.2642215,0.101817558,0.020166583,0.386205641,0.073297612
0.268881631,0.901210548,0.088513526,1.258605705,0.459790732
0.879537087,0.799601061,0.56958271,2.248720859,0.373837697
0.811735529,0.645269621,0.874053511,2.331058661,0.228997661
0.427307926,0.556055378,0.468925196,1.4522885,0.226973442
0.440815744,0.091030321,0.071602601,0.603448666,0.075276215
0.786380969,0.019996887,0.768493411,1.574871268,-0.065062142
0.494550573,0.705005997,0.541823994,1.741380565,0.293593257
0.173941384,0.5756452,0.82294287,1.572529454,0.140628164
0.206632064,0.065540234,0.542135793,0.814308092,-0.054993835
0.537584224,0.562251438,0.526742584,1.626578245,0.229535624
0.864340525,0.551926985,0.592404795,2.008672305,0.243916586
0.482318714,0.691765862,0.568988433,1.743073009,0.280317116
0.977190881,0.69000107,0.735808835,2.403000785,0.295557856
0.513213936,0.006704652,0.909662253,1.429580841,-0.127258731
0.734081065,0.557547007,0.07870909,1.370337161,0.336439792
0.227625007,0.490481135,0.698513088,1.41661923,0.128300451
0.296077412,0.026593567,0.445398125,0.768069104,-0.0461751
0.459820059,0.518061856,0.72049538,1.698377295,0.160913858
0.457467063,0.410503807,0.700164705,1.568135574,0.110965669
0.33697702,0.971590304,0.448422898,1.756990222,0.429808275
0.893799724,0.622243149,0.957270147,2.47331302,0.209047517
0.249656984,0.79461281,0.151547186,1.195816979,0.391962666
0.549073253,0.719507503,0.649556495,1.918137251,0.284749778
0.460101301,0.703367411,0.90748556,2.070954272,0.216196724
0.501288418,0.87332624,0.302701023,1.677315681,0.426251757
0.16564119,0.422007072,0.19568242,0.783330682,0.188431171
0.909913431,0.968852124,0.085559512,1.964325067,0.558305502
0.339754952,0.148034885,0.35277587,0.840565707,0.037437764
0.056197335,0.485047745,0.307315349,0.848560428,0.186680536
0.950598431,0.687697326,0.585833193,2.224128949,0.321741867
0.65502296,0.941528505,0.730636336,2.3271878,0.390139281
0.041546972,0.056464044,0.249018853,0.347029869,-0.017417051
0.943719054,0.334859684,0.968982845,2.247561583,0.068005178
0.926314085,0.94012464,0.640421463,2.506860188,0.434609436
0.540263848,0.753322505,0.120955088,1.414541441,0.40649662
0.360439893,0.6421509,0.945022186,1.947612979,0.168115002
0.511341493,0.757048958,0.591627963,1.860018414,0.311333036
0.215382439,0.189635651,0.00614277,0.41116086,0.115127516
0.746731671,0.180797596,0.87088365,1.798412918,-0.009104765
0.209092997,0.117407018,0.134819779,0.461319794,0.052648853
0.960249391,0.803896312,0.120149245,1.884294947,0.473943246
0.607486608,0.785606583,0.152528465,1.545621657,0.42304626
0.681866801,0.413837725,0.079547741,1.175252267,0.259195994
0.232348833,0.292084508,0.731472002,1.255905344,0.022982737
0.501176792,0.514938389,0.277210243,1.293325424,0.252144825
0.884983717,0.527219939,0.772651482,2.184855139,0.197578045
0.65146616,0.502313715,0.41898855,1.572768425,0.232505764
0.989358946,0.178713654,0.570554527,1.738627128,0.074181816
0.896847889,0.033022504,0.558319911,1.488190304,-0.005467941
0.184276834,0.962537927,0.462851585,1.609666347,0.40712633
0.563351028,0.215727972,0.455252823,1.234331824,0.073148524
0.434173918,0.96427105,0.003273977,1.401718945,0.524898122
0.724557621,0.296690031,0.598173868,1.619421521,0.101166004
0.443808915,0.583363437,0.279451087,1.306623439,0.280172393
0.540653005,0.975451699,0.430724014,1.946828718,0.455646347
0.884192866,0.311570635,0.287431163,1.483194664,0.186718372
0.874015345,0.868632938,0.758992224,2.501640507,0.369919559
0.598643389,0.901994339,0.122011237,1.622648966,0.486459261
0.173320868,0.16179493,0.977151549,1.312267346,-0.097200758
0.084414906,0.538778092,0.017356758,0.640549756,0.274359185
0.177214444,0.311403233,0.118590071,0.607207749,0.149705047
0.785467699,0.176727667,0.686322342,1.648517708,0.029646135
0.213875788,0.140827198,0.943159724,1.297862709,-0.096830767
0.092690263,0.439594879,0.225166789,0.757451932,0.184033108
0.745171813,0.762968492,0.868799104,2.376939409,0.282241607
0.927130661,0.722362255,0.356042944,2.005535861,0.382685605
0.794134812,0.65902723,0.034630698,1.487792739,0.402000957
0.557934468,0.347738545,0.552262379,1.457935391,0.119210243
0.179798744,0.832641165,0.099080485,1.111520394,0.41448436
0.223504411,0.806348299,0.496208481,1.526061191,0.326282895
0.338607065,0.277494634,0.593286119,1.209387818,0.053950799
0.309954305,0.634108198,0.849803833,1.793866336,0.178088763
0.425676788,0.193686161,0.045303963,0.664666912,0.130349967
0.099226933,0.843263598,0.434985041,1.377475571,0.344557484
0.912114171,0.403463834,0.281850668,1.597428673,0.2365732
0.595998653,0.760230666,0.82778917,2.184018489,0.274157365
0.783286625,0.400356417,0.191813815,1.375456857,0.240144108
0.420130252,0.940287798,0.11568234,1.476100389,0.489020456
0.388730931,0.9609437,0.256694947,1.606369578,0.468005954
0.658777757,0.914580593,0.045754223,1.619112573,0.514017228
0.488422975,0.550538079,0.345890416,1.38485147,0.254933254
0.652741951,0.163008583,0.149689055,0.965439589,0.116840676
0.725831907,0.850696067,0.158600192,1.735128165,0.466211186
0.133120297,0.452443724,0.640689482,1.226253503,0.111395995
0.257786402,0.167023265,0.936029521,1.360839189,-0.077915631
0.251046344,0.07086346,0.96115489,1.283064695,-0.131694614
0.35700048,0.567806232,0.656980576,1.581787288,0.188207049
0.74142197,0.674084265,0.339943513,1.755449748,0.343195627
0.231560097,0.108516421,0.157386661,0.49746318,0.045936888
0.319368666,0.419724702,0.708954059,1.448047426,0.100008406
0.786054065,0.853266089,0.318939545,1.958259699,0.441450542
0.199983406,0.68022388,0.485079905,1.36528719,0.2630943
0.401369369,0.224468737,0.567295335,1.193133441,0.038912239
0.929687193,0.591782501,0.456424654,1.977894349,0.297575039
0.060015664,0.088798079,0.513640561,0.662454304,-0.052327506
0.534634429,0.252998254,0.138291796,0.925924479,0.152304211
0.786942457,0.179338712,0.791058743,1.757339913,0.010151853
0.762075248,0.283423601,0.537562308,1.583061157,0.110406864
0.461954932,0.054383065,0.829879755,1.346217752,-0.092588925
0.349434982,0.762856166,0.380362137,1.492653285,0.340299154
0.20050083,0.834261376,0.005492828,1.040255033,0.436082205
0.974500879,0.265547143,0.845132681,2.085180703,0.061197123
0.880130617,0.662125658,0.129099327,1.671355602,0.393256025
0.664375959,0.727888841,0.929610222,2.321875023,0.244459972
0.233621641,0.339250104,0.621934481,1.194806226,0.06860032
0.405850329,0.685940078,0.503192638,1.594983046,0.282916544
0.024394507,0.99333115,0.986961047,2.004686705,0.301712816
0.923342404,0.193032082,0.008867704,1.12524219,0.18707674
0.959564474,0.307998374,0.419846473,1.68740932,0.16598634
0.650279193,0.061068499,0.964214092,1.675561784,-0.09728065
0.474501221,0.589850512,0.307888682,1.372240415,0.280797642
0.393714196,0.683742447,0.884620436,1.96207708,0.204318556
0.549969757,0.795336125,0.61786802,1.963173901,0.329091434
0.803755433,0.193614622,0.365447772,1.362817827,0.1040933
0.904164096,0.923112403,0.108131145,1.935407645,0.530346382
0.047121942,0.748733037,0.993310979,1.789165958,0.180416517
0.519417627,0.520565994,0.657058971,1.697042592,0.180812966
0.640217745,0.510526778,0.953800592,2.104545114,0.128525045
0.237228324,0.403674796,0.465054551,1.10595767,0.13254932
0.760884155,0.363065065,0.489391878,1.613341098,0.159742572
0.218011211,0.962112516,0.236244473,1.4163682,0.455608484
0.959463062,0.338447988,0.146913826,1.444824876,0.235787535
0.528784748,0.251042466,0.262852149,1.042679363,0.125829278
0.249214946,0.818978943,0.044891437,1.113085327,0.425432679
0.235673006,0.385499594,0.177785519,0.798958118,0.180759994
0.698891911,0.262488453,0.600115143,1.561495506,0.081110389
0.675789365,0.972722667,0.238704738,1.88721677,0.506199323
0.740308592,0.666499042,0.642841016,2.04964865,0.278712177
0.483716237,0.780810864,0.958579245,2.223106345,0.247061207
0.163033754,0.057239092,0.643065379,0.863338224,-0.083690154
0.580646799,0.788895656,0.955780195,2.32532265,0.261356469
0.898034084,0.559332947,0.547782422,2.005149453,0.259913397
0.911125635,0.583271685,0.678883973,2.173281294,0.246971612
0.623381564,0.639762579,0.073136429,1.336280572,0.36759216
0.022029308,0.707192043,0.914427224,1.643648575,0.172913508
0.530478497,0.824374777,0.094624107,1.449477381,0.446310417
0.323695738,0.622518052,0.046917649,0.993131438,0.33424507
0.030750913,0.894058061,0.875406645,1.800215618,0.275022793
0.082386846,0.213116064,0.36232955,0.657832459,0.042330807
0.281017428,0.986631857,0.964876139,2.232525424,0.328442443
0.635484173,0.309110144,0.456229321,1.400823638,0.126857625
0.916657624,0.072059027,0.42509666,1.413813312,0.042675944
0.300508326,0.552337231,0.978545515,1.831391071,0.110510345
0.263857066,0.391473686,0.076589616,0.731920368,0.206804626
0.692331787,0.356669268,0.527591636,1.576592691,0.142049486
0.642236162,0.051928458,0.330469139,1.024633759,0.024094017
0.700733571,0.177450652,0.732878395,1.611062618,0.012223004
0.688740159,0.361586765,0.391691842,1.442018766,0.17132903
0.788514204,0.308585119,0.566262822,1.663362146,0.119891416
0.365099252,0.213885441,0.182080173,0.761064867,0.107036611
0.541261601,0.182342216,0.615247769,1.338851586,0.022247714
0.585803197,0.17348323,0.8024851,1.561771527,-0.015175085
0.383748028,0.421311565,0.088198658,0.893258252,0.231390854
0.80738666,0.479478475,0.046847131,1.333712266,0.311108477
0.284530585,0.960015137,0.909767503,2.154313225,0.326507126
0.26944405,0.169452945,0.067714122,0.506611117,0.098128053
0.310363829,0.064946992,0.043386987,0.418697807,0.054832481
0.81362948,0.883294651,0.952963947,2.649888078,0.332417484
0.293781747,0.456770564,0.138308684,0.888860996,0.23010172
0.742280813,0.129901233,0.350276068,1.222458113,0.069123484
0.867342118,0.479139632,0.957072418,2.303554168,0.134889544
0.481140982,0.696883552,0.381744647,1.55976918,0.320206945
0.056273847,0.083604505,0.676747038,0.81662539,-0.08791977
0.787389818,0.941542119,0.638113363,2.3670453,0.421887369
0.897072968,0.996194294,0.575355815,2.468623077,0.472733281
0.13206798,0.596712188,0.349291217,1.078071385,0.241704649
0.392229561,0.911875023,0.582422661,1.886527246,0.378675935
0.839139963,0.070395489,0.978032106,1.887567558,-0.07649468
0.345317849,0.140182485,0.24866596,0.734166294,0.054889835
0.681927763,0.701342081,0.832878103,2.216147947,0.252288196
0.587893267,0.004118572,0.118604481,0.71061632,0.037127717
0.551462936,0.831073683,0.746463613,2.129000232,0.321390412
0.450869903,0.692400465,0.081381755,1.224652123,0.375010872
0.567375064,0.573010284,0.749258819,1.889644167,0.193390885
0.201226098,0.320107174,0.36188614,0.883219412,0.107798969
0.905307272,0.035766314,0.524872904,1.465946489,0.003439303
0.870561329,0.625714466,0.220421649,1.716697445,0.355829036
0.029728207,0.519081859,0.530516428,1.079326494,0.156410465
0.513231294,0.363318724,0.02324611,0.899796127,0.228333269
0.175318869,0.131248576,0.685406815,0.99197426,-0.053925188
0.051759162,0.071254112,0.573784837,0.696798111,-0.073953995
0.531918442,0.699186354,0.603196457,1.834301253,0.28214573
0.113295225,0.911064369,0.657454009,1.681813604,0.335370905
0.963658674,0.32443484,0.661463862,1.949557375,0.126290515
0.683342719,0.037800864,0.600616284,1.321759867,-0.032888553
0.573319019,0.963405041,0.082179728,1.618903787,0.522598477
0.309080964,0.856526706,0.155793762,1.321401431,0.428012697
0.066392244,0.734536803,0.00921565,0.810144697,0.372064496
0.14327065,0.486754656,0.490501316,1.120526621,0.15960413
0.509640262,0.505886286,0.487825288,1.503351836,0.206342111
0.187400565,0.181035259,0.227268407,0.595704231,0.063804004
0.704800754,0.145807274,0.902870988,1.753479017,-0.037190485
0.833175723,0.753103524,0.64316582,2.229445066,0.33123617
0.714651259,0.393330007,0.831244054,1.939225321,0.101881319
0.901348067,0.108367203,0.384917639,1.394632909,0.067334881
0.607900886,0.957746794,0.650906802,2.216554482,0.409482125
0.368343236,0.080013684,0.295708158,0.744065077,0.017699534
0.455357424,0.252675374,0.552728118,1.260760916,0.061327806
0.634228004,0.366982507,0.417067877,1.418278388,0.163500478
0.633483455,0.51289094,0.867441237,2.013815632,0.146305568
0.679456233,0.873077215,0.918150288,2.470683735,0.320854173
0.445192692,0.02786408,0.162616893,0.635673665,0.025927931
0.138556835,0.55677171,0.811993117,1.507321662,0.129842915
0.43479726,0.380292889,0.561070013,1.376160162,0.121412168
0.825662526,0.876425916,0.617077784,2.319166226,0.397363654
0.666187686,0.941364926,0.342108622,1.949661234,0.468879507
0.101521823,0.253113314,0.046564766,0.401199903,0.127395886
0.747368861,0.388978594,0.809628025,1.94597548,0.107300578
0.732786529,0.423306796,0.719067021,1.875160346,0.141118647
0.79438972,0.140343689,0.392231185,1.326964594,0.07116458
0.305940265,0.942162106,0.21111909,1.459221461,0.459451261
0.330798073,0.166157212,0.423286457,0.920241741,0.031501122
0.690944453,0.602723192,0.10331961,1.396987255,0.349792119
0.472666737,0.332247096,0.463837009,1.268750842,0.12062282
0.721378088,0.865025558,0.125968824,1.71237247,0.479456823
0.250363413,0.644025716,0.471674068,1.366063197,0.252714385
0.223957686,0.007231232,0.253102134,0.484291052,-0.024609042
0.683224524,0.337599651,0.285099393,1.305923568,0.180102399
0.340229037,0.020479045,0.399702286,0.760410368,-0.035678031
0.64452612,0.595567833,0.329001865,1.569095818,0.296436155
0.21000568,0.141141266,0.765706783,1.116853729,-0.061570155
0.187829454,0.595270735,0.378327865,1.161428054,0.24075274
0.890814871,0.057580063,0.614593978,1.562988912,-0.005047277
0.218369489,0.566496144,0.87064495,1.655510583,0.130956031
0.539874615,0.948572706,0.805242314,2.293689635,0.367225352
0.803347674,0.412518376,0.403463776,1.619329826,0.2059012
0.422390098,0.484991761,0.264210912,1.171592772,0.231892708
0.940955311,0.687015279,0.359617166,1.987587756,0.365679737
0.310760878,0.364859243,0.157092077,0.832712197,0.182087294
0.206792991,0.94218412,0.683353273,1.832330384,0.355100705
0.548983884,0.252183027,0.484993799,1.28616071,0.083991142
0.757534486,0.960056715,0.503393646,2.220984846,0.455103077
0.583651847,0.938139789,0.213335818,1.735127454,0.484767915
0.469550502,0.231634711,0.36844567,1.069630883,0.089083272
0.538102097,0.144056666,0.621469275,1.303628038,0.001544688
0.639424334,0.372710119,0.33294095,1.345075403,0.183709303
0.241400939,0.509867355,0.6383817,1.389649994,0.151397431
0.541907627,0.933295395,0.879751444,2.354954466,0.344888171
0.277430087,0.519353087,0.133431086,0.930214261,0.260733335
0.522008497,0.475499281,0.333824086,1.331331865,0.223185673
0.417428056,0.733466418,0.736470449,1.887364923,0.261181925
0.788470111,0.102876275,0.817438378,1.708784764,-0.033202527
0.722516474,0.059523375,0.93966189,1.721701739,-0.085919043
0.430450107,0.82303919,0.029452515,1.282941811,0.448674102
0.458352749,0.220755097,0.529196934,1.20830478,0.050373437
0.073412147,0.563975094,0.318523262,0.955910503,0.225624109
0.631712155,0.738409264,0.93702984,2.307151259,0.24496988
0.718005624,0.059593699,0.953741621,1.731340943,-0.089150913
0.936912077,0.731738107,0.437835558,2.106485742,0.371993149
0.468889605,0.322955078,0.824462561,1.616307244,0.043473987
0.754137808,0.694840853,0.638167379,2.087146039,0.295200731
0.363105059,0.117073992,0.278559344,0.758738395,0.039135633
0.704280472,0.465211453,0.559624627,1.729116551,0.191108848
0.544428789,0.465491373,0.866708031,1.876628193,0.113846959
0.067874073,0.181023046,0.484936956,0.733834074,0.000311539
0.775499109,0.406530588,0.36379652,1.545826218,0.208055901
0.959273928,0.634896142,0.668607937,2.262778007,0.279653876
0.528192646,0.427605738,0.271379774,1.227178157,0.212346179
0.150992554,0.400094594,0.535833259,1.086920407,0.107979901
0.794179817,0.950502049,0.410139123,2.154820989,0.472641181
0.857190144,0.462995214,0.529877248,1.850062606,0.211241172
0.302361495,0.761884403,0.54569989,1.609945787,0.302038373
0.593969379,0.705608845,0.77358701,2.073165235,0.257483959
0.590020988,0.703714651,0.490863158,1.784598797,0.312686793
0.751481905,0.045665741,0.819940562,1.617088209,-0.066007051
0.140577594,0.912566691,0.93578625,1.988930535,0.283183855
0.288961551,0.936035628,0.940700588,2.165697767,0.308773852
0.667911547,0.476322762,0.108529834,1.252764143,0.283246569
0.43770599,0.45625567,0.831306298,1.725267958,0.105637175
0.549850692,0.064264546,0.435163643,1.049278881,8.46138E-05
0.203633639,0.108507905,0.038361011,0.350502555,0.066945114
0.952152476,0.811351024,0.1635111,1.9270146,0.46818854
0.178770421,0.622399657,0.857452912,1.65862299,0.157586288
0.127807792,0.527303848,0.636874267,1.291985907,0.14905785
0.004032773,0.624748958,0.249554489,0.878336221,0.262866859
0.602772176,0.928495023,0.753462825,2.284730025,0.373832164
0.613868571,0.578030715,0.370582329,1.562481615,0.276285749
0.627556232,0.759887967,0.487236862,1.874681062,0.345252234
0.778534498,0.146858204,0.707824949,1.633217651,0.009717562
0.39696803,0.381872106,0.402378585,1.181218721,0.150157139
0.040122239,0.559700539,0.042125441,0.64194822,0.275437405
0.41075677,0.732092189,0.014791191,1.15764015,0.404163533
0.422704284,0.576851047,0.663246834,1.662802165,0.198046585
0.174198173,0.006490225,0.83778558,1.018473978,-0.146892186
0.275745385,0.893072051,0.392258103,1.561075539,0.395658943
0.626471555,0.968479063,0.113782736,1.708733355,0.52413014
0.760400356,0.059485094,0.869352388,1.689237838,-0.068087895
0.303116375,0.848274239,0.490328332,1.641718946,0.35638309
0.587934532,0.691842183,0.381361825,1.66113854,0.32844218
0.409127901,0.069127504,0.642075919,1.120331323,-0.052938642
0.828113408,0.301980876,0.310005403,1.440099688,0.171800698
0.510859168,0.274034294,0.986391186,1.771284648,-0.009175174
0.55067489,0.773208412,0.845650984,2.169534286,0.272541498
0.661302842,0.144886683,0.513141368,1.319330894,0.035945352
0.47710671,0.637671931,0.584648862,1.699427503,0.249616864
0.73115716,0.141242912,0.010492328,0.8828924,0.141638706
0.999487802,0.75851771,0.787053735,2.545059248,0.321796888
0.060315288,0.248595172,0.902013124,1.210923584,-0.05007351
0.41677286,0.172751774,0.828516464,1.418041098,-0.03765012
0.880640937,0.904312887,0.703619542,2.488573366,0.399496629
0.979873413,0.121364587,0.042819176,1.144057176,0.1501058
0.924888141,0.29596256,0.229491919,1.45034262,0.19457171
0.199450649,0.007321161,0.157012755,0.363784564,-0.007796906
0.625095814,0.032148918,0.299396303,0.956641035,0.01870478
0.673177065,0.768339521,0.494521773,1.936038359,0.352583112
0.269097566,0.887430852,0.464781376,1.621309794,0.377668908
0.667052347,0.228591394,0.449076628,1.344720369,0.091185606
0.208239052,0.353369661,0.763950718,1.325559431,0.044718592
0.777528646,0.387118344,0.240996915,1.405643904,0.223112653
0.722057122,0.967281027,0.635253498,2.324591647,0.428795526
0.339057126,0.054394927,0.427382633,0.820834686,-0.024373351
0.912426369,0.338143177,0.504158229,1.754727775,0.15948258
0.158351523,0.0220469,0.660981716,0.84138014,-0.105337741
0.951717975,0.036471909,0.531817669,1.520007553,0.007044218
0.701698251,0.8851554,0.696280895,2.283134546,0.373491346
0.905788774,0.799074137,0.399579986,2.104442897,0.410199948
0.507752355,0.197881939,0.422980422,1.128614716,0.065120121
0.950335196,0.421361427,0.536651035,1.908347658,0.198384026
0.29882532,0.224729882,0.298375863,0.821931065,0.0825723
0.091439795,0.251525475,0.819403867,1.162369137,-0.028974057
0.7077113,0.846719761,0.424038819,1.978469881,0.409323247
0.768448564,0.059605869,0.591331792,1.419386224,-0.011618567
0.47132865,0.506908413,0.289102532,1.267339595,0.242766565
0.451321665,0.281711552,0.29697775,1.030010967,0.126592392
0.303522885,0.238648879,0.72426735,1.266439113,0.004823258
0.933918235,0.22432289,0.521644148,1.679885272,0.101224439
0.325850244,0.388909965,0.949349039,1.664109248,0.037170199
0.215784585,0.433232349,0.324525531,0.973542465,0.173289527
0.48128194,0.001411614,0.429213805,0.911907359,-0.03700876
0.957687538,0.07541961,0.861525898,1.894633046,-0.038826621
0.672143372,0.905506984,0.559399265,2.137049621,0.408087976
0.248673084,0.708788791,0.528795779,1.486257653,0.273502548
0.639779668,0.762838288,0.706505399,2.109123355,0.304096031
0.296116928,0.86793417,0.948615194,2.112666291,0.273855739
0.878334293,0.861065294,0.952830212,2.692229799,0.327800034
